fold,best_threshold,best_f1
1,0.63,0.716475368931347
2,0.61,0.716083529249067
3,0.6,0.724988113835495
4,0.62,0.71830593480078
5,0.58,0.722445915512182
